<configuration>
    <property>
        <name>javax.jdo.option.ConnectionURL</name>
        <value>jdbc:mysql://localhost:3306/hive?createDatabaseIfNotExist=true</value>
    </property>

	<span class="token tag">
        <span class="token tag">
            <span class="token punctuation">
                &lt;
            </span>
            property
        </span>
        <span class="token punctuation">
            &gt;
        </span>
    </span>
    <span class="token tag">
        <span class="token tag">
            <span class="token punctuation">
                &lt;
            </span>
            name
        </span>
        <span class="token punctuation">
            &gt;
        </span>
    </span>
    javax.jdo.option.ConnectionUserName
    <span class="token tag">
        <span class="token tag">
            <span class="token punctuation">
                &lt;/
            </span>root</span>
        <span class="token punctuation">
            &gt;
        </span>
    </span>
    <span class="token tag"><span class="token tag"><span class="token punctuation">&lt;</span>value</span><span class="token punctuation">&gt;</span></span>root<span class="token tag"><span class="token tag"><span class="token punctuation">&lt;/</span>value</span><span class="token punctuation">&gt;</span></span>
<span class="token tag"><span class="token tag"><span class="token punctuation">&lt;/</span>property</span><span class="token punctuation">&gt;</span></span>

<span class="token tag"><span class="token tag"><span class="token punctuation">&lt;</span>property</span><span class="token punctuation">&gt;</span></span>
    <span class="token tag"><span class="token tag"><span class="token punctuation">&lt;</span>name</span><span class="token punctuation">&gt;</span></span>javax.jdo.option.ConnectionPassword<span class="token tag"><span class="token tag"><span class="token punctuation">&lt;/</span>name</span><span class="token punctuation">&gt;</span></span>
    <span class="token tag"><span class="token tag"><span class="token punctuation">&lt;</span>value</span><span class="token punctuation">&gt;</span></span>qtree04322<span class="token tag"><span class="token tag"><span class="token punctuation">&lt;/</span>value</span><span class="token punctuation">&gt;</span></span>
<span class="token tag"><span class="token tag"><span class="token punctuation">&lt;/</span>property</span><span class="token punctuation">&gt;</span></span>

<span class="token tag"><span class="token tag"><span class="token punctuation">&lt;</span>property</span><span class="token punctuation">&gt;</span></span>
    <span class="token tag"><span class="token tag"><span class="token punctuation">&lt;</span>name</span><span class="token punctuation">&gt;</span></span>javax.jdo.option.ConnectionDriverName<span class="token tag"><span class="token tag"><span class="token punctuation">&lt;/</span>name</span><span class="token punctuation">&gt;</span></span>
    <span class="token tag"><span class="token tag"><span class="token punctuation">&lt;</span>value</span><span class="token punctuation">&gt;</span></span>com.mysql.jdbc.Driver<span class="token tag"><span class="token tag"><span class="token punctuation">&lt;/</span>value</span><span class="token punctuation">&gt;</span></span>
<span class="token tag"><span class="token tag"><span class="token punctuation">&lt;/</span>property</span><span class="token punctuation">&gt;</span></span>

<span class="token tag"><span class="token tag"><span class="token punctuation">&lt;</span>property</span><span class="token punctuation">&gt;</span></span>
    <span class="token tag"><span class="token tag"><span class="token punctuation">&lt;</span>name</span><span class="token punctuation">&gt;</span></span>hive.metastore.warehouse.dir<span class="token tag"><span class="token tag"><span class="token punctuation">&lt;/</span>name</span><span class="token punctuation">&gt;</span></span>  
    <span class="token comment">&lt;!--hive的数据存储目录，指定的位置在hdfs上的目录--&gt;</span>  
    <span class="token tag"><span class="token tag"><span class="token punctuation">&lt;</span>value</span><span class="token punctuation">&gt;</span></span>/tmp/hive/warehouse<span class="token tag"><span class="token tag"><span class="token punctuation">&lt;/</span>value</span><span class="token punctuation">&gt;</span></span>
<span class="token tag"><span class="token tag"><span class="token punctuation">&lt;/</span>property</span><span class="token punctuation">&gt;</span></span>
<span class="token tag"><span class="token tag"><span class="token punctuation">&lt;</span>property</span><span class="token punctuation">&gt;</span></span>
    <span class="token tag"><span class="token tag"><span class="token punctuation">&lt;</span>name</span><span class="token punctuation">&gt;</span></span>hive.cli.print.header<span class="token tag"><span class="token tag"><span class="token punctuation">&lt;/</span>name</span><span class="token punctuation">&gt;</span></span>
    <span class="token tag"><span class="token tag"><span class="token punctuation">&lt;</span>value</span><span class="token punctuation">&gt;</span></span>true<span class="token tag"><span class="token tag"><span class="token punctuation">&lt;/</span>value</span><span class="token punctuation">&gt;</span></span>
<span class="token tag"><span class="token tag"><span class="token punctuation">&lt;/</span>property</span><span class="token punctuation">&gt;</span></span>

<span class="token tag"><span class="token tag"><span class="token punctuation">&lt;</span>property</span><span class="token punctuation">&gt;</span></span>
    <span class="token tag"><span class="token tag"><span class="token punctuation">&lt;</span>name</span><span class="token punctuation">&gt;</span></span>hive.cli.print.current.db<span class="token tag"><span class="token tag"><span class="token punctuation">&lt;/</span>name</span><span class="token punctuation">&gt;</span></span>
    <span class="token tag"><span class="token tag"><span class="token punctuation">&lt;</span>value</span><span class="token punctuation">&gt;</span></span>true<span class="token tag"><span class="token tag"><span class="token punctuation">&lt;/</span>value</span><span class="token punctuation">&gt;</span></span>
<span class="token tag"><span class="token tag"><span class="token punctuation">&lt;/</span>property</span><span class="token punctuation">&gt;</span></span>
</configuration>