<configuration>
    <property>
        <name>javax.jdo.option.ConnectionURL</name>
        <value>jdbc:mysql://localhost:3306/hive?createDatabaseIfNotExist=true</value>
    </property>
    <property>
        <name>javax.jdo.option.ConnectionDriverName</name>
        <value>com.mysql.jdbc.Driver</value>
    </property>
    <property>
        <name>javax.jdo.option.ConnectionUserName</name>
        <value>root</value> 
    </property>
    <property>
        <name>javax.jdo.option.ConnectionPassword</name>
        <value>qtree04322</value>
    </property>
    <property>
        <name>hive.server2.logging.operation.enabled</name>
        <value>false</value>
    </property>
    <property>
        <name>hive.metastore.schema.verification</name>
        <value>false</value>
    </property>
    <property>
        <name>hive.server2.thrift.port</name>
        <value>10000</value>
    </property>
    <property>
        <name>hive.server2.thrift.bind.host</name>
        <value>localhost</value>
    </property>
</configuration>

